cacna1s*1/*1	116	normal_metabolizer	2
cacna1s*1/*1x3	1	ultrarapid_metabolizer	4
cftr*1/*1	117	normal_metabolizer	2
cyp19a1*1/*1	44	normal_metabolizer	2
cyp19a1*1/*4	57	normal_metabolizer	1.5
cyp19a1*4/*4	16	intermediate_metabolizer	1
cyp1a1*1/*1	7	normal_metabolizer	2
cyp1a1*1/*2A	51	unknown	unknown
cyp1a1*2A/*2A	59	unknown	unknown
cyp1a2*1/*1	10	normal_metabolizer	2
cyp1a2*1/*1F	55	unknown	unknown
cyp1a2*1F/*1F	52	unknown	unknown
cyp1b1*1/*1	6	normal_metabolizer	2
cyp1b1*1/*2	33	unknown	unknown
cyp1b1*1/*3	6	unknown	unknown
cyp1b1*1/*6	2	unknown	unknown
cyp1b1*1x2/*2x2	1	unknown	unknown
cyp1b1*2/*2	43	unknown	unknown
cyp1b1*2/*3	17	unknown	unknown
cyp1b1*2/*6	8	unknown	unknown
cyp1b1*3/*3	1	unknown	unknown
cyp26a1*1/*1	117	normal_metabolizer	2
cyp2a13*1/*1	117	normal_metabolizer	2
cyp2a6*1/*1	77	normal_metabolizer	2
cyp2a6*1/*1+*S2	1	unknown	unknown
cyp2a6*1/*12	1	slow_metabolizer	1.5
cyp2a6*1/*2	1	slow_metabolizer	1
cyp2a6*1/*28	31	unknown	unknown
cyp2a6*1/*4	1	slow_metabolizer	1
cyp2a6*1+*S2/*18	1	unknown	unknown
cyp2a6*28/*28	4	unknown	unknown
cyp2b6*1/*1	27	normal_metabolizer	2
cyp2b6*1/*22	10	rapid_metabolizer	2.5
cyp2b6*1/*5	3	normal_metabolizer	2
cyp2b6*1/*6	48	normal_metabolizer	1.5
cyp2b6*4/*9	4	normal_metabolizer	2
cyp2b6*6/*22	4	normal_metabolizer	2
cyp2b6*6/*6	20	intermediate_metabolizer	1
cyp2b6*7/*9	1	intermediate_metabolizer	1
cyp2c19*1/*1	45	normal_metabolizer	2
cyp2c19*1/*2	33	intermediate_metabolizer	1
cyp2c19*1/*3	18	intermediate_metabolizer	1
cyp2c19*2/*2	9	poor_metabolizer	0
cyp2c19*2/*3	6	poor_metabolizer	0
cyp2c19*3/*3	1	poor_metabolizer	0
cyp2c19*3/*35	5	poor_metabolizer	0
cyp2c8*1/*1	117	normal_metabolizer	2
cyp2c9*1/*1	55	normal_metabolizer	2
cyp2c9*1/*3	40	intermediate_metabolizer	1.5
cyp2c9*3/*3	22	poor_metabolizer	1
cyp2d6./.	2	.	.
cyp2d6*1/*1	25	normal_metabolizer	2
cyp2d6*1/*122	30	unknown	unknown
cyp2d6*1/*131	4	unknown	unknown
cyp2d6*1/*2	3	normal_metabolizer	2
cyp2d6*1/*5	7	intermediate_metabolizer	1
cyp2d6*1/*68+*4	1	intermediate_metabolizer	1
cyp2d6*122/*131	2	unknown	unknown
cyp2d6*5/*122	34	unknown	unknown
cyp2d6*5/*131	1	unknown	unknown
cyp2d6*5/*5	8	poor_metabolizer	0
cyp2e1*1/*1	85	normal_metabolizer	2
cyp2e1*1/*1x2	1	ultrarapid_metabolizer	3
cyp2e1*1/*7	29	normal_metabolizer	1.5
cyp2e1*7/*7	2	intermediate_metabolizer	1
cyp2f1*1/*1	2	normal_metabolizer	2
cyp2f1*1/*2	41	intermediate_metabolizer	1
cyp2f1*1/*3	2	unknown	unknown
cyp2f1*2/*2	71	poor_metabolizer	0
cyp2f1*2/*3	1	unknown	unknown
cyp2j2*1/*1	116	normal_metabolizer	2
cyp2j2*1/*1x3	1	ultrarapid_metabolizer	4
cyp2r1*1/*1	117	normal_metabolizer	2
cyp2s1*1/*1	117	normal_metabolizer	2
cyp2w1*1/*1	97	normal_metabolizer	2
cyp2w1*1/*2	16	unknown	unknown
cyp2w1*1/*6	4	unknown	unknown
cyp3a4*1/*1	114	normal_metabolizer	2
cyp3a4*1/*16	1	normal_metabolizer	1.5
cyp3a4*1/*1B	1	unknown	unknown
cyp3a4*1B/*1B	1	unknown	unknown
cyp3a43*1/*1	117	normal_metabolizer	2
cyp3a5*1/*3	13	intermediate_metabolizer	1
cyp3a5*3/*3	104	poor_metabolizer	0
cyp3a7*1/*1	113	normal_metabolizer	2
cyp3a7*1/*2	4	unknown	unknown
cyp4b1*1/*1	34	normal_metabolizer	2
cyp4b1*1/*3	59	unknown	unknown
cyp4b1*2/*3	1	unknown	unknown
cyp4b1*3/*3	22	unknown	unknown
cyp4b1*3/*3x3	1	unknown	unknown
cyp4f2*1/*1	5	normal_metabolizer	2
cyp4f2*1/*3	38	normal_metabolizer	1.5
cyp4f2*3/*3	74	intermediate_metabolizer	1
dpyd*1/*1	1	normal_metabolizer	2
dpyd*1/*5	2	normal_metabolizer	2
dpyd*1/*6	1	normal_metabolizer	2
dpyd*1/*S12	14	normal_metabolizer	2
dpyd*5/*S12	15	normal_metabolizer	2
dpyd*6/*S12	2	normal_metabolizer	2
dpyd*S12/*S12	81	normal_metabolizer	2
dpyd*S12/*S12x2	1	ultrarapid_metabolizer	3
gstm1*1/*1	8	normal_metabolizer	2
gstm1*1/*2	30	intermediate_metabolizer	1
gstm1*1/*3	7	normal_metabolizer	2
gstm1*1x2/*3x2	1	ultrarapid_metabolizer	4
gstm1*2/*2	44	poor_metabolizer	0
gstm1*2/*3	24	intermediate_metabolizer	1
gstm1*3/*3	3	normal_metabolizer	2
gstp1*1/*1	101	normal_metabolizer	2
gstp1*1/*2	15	unknown	unknown
gstp1*2/*2	1	unknown	unknown
gstt1*1/*1	22	normal_metabolizer	2
gstt1*1/*2	42	intermediate_metabolizer	1
gstt1*2/*2	53	poor_metabolizer	0
ifnl3*1/*1	106	favorable_response	2
ifnl3*1/*S3	11	unfavorable_response	1
nat1*1/*1	7	normal_metabolizer	2
nat1*1/*10	34	unknown	unknown
nat1*1/*3	5	unknown	unknown
nat1*10/*10	55	unknown	unknown
nat1*10/*11	1	unknown	unknown
nat1*3/*10	14	unknown	unknown
nat1*3/*3	1	unknown	unknown
nat2*1/*1	31	normal_metabolizer	2
nat2*1/*13	4	normal_metabolizer	2
nat2*1/*6	18	normal_metabolizer	1.5
nat2*1/*7	24	normal_metabolizer	1.5
nat2*6/*13	1	normal_metabolizer	1.5
nat2*6/*6	6	intermediate_metabolizer	1
nat2*6/*7	21	intermediate_metabolizer	1
nat2*7/*13	4	normal_metabolizer	1.5
nat2*7/*7	8	intermediate_metabolizer	1
nudt15*1/*1	106	normal_metabolizer	2
nudt15*1/*3	11	normal_metabolizer	1.25
por*1/*1	75	normal_metabolizer	2
por*1/*28	38	normal_metabolizer	1.5
por*28/*28	4	intermediate_metabolizer	1
ryr1*1/*1	117	normal_metabolizer	2
slc15a2*1/*1	4	normal_metabolizer	2
slc15a2*1/*2	49	unknown	unknown
slc15a2*2/*2	64	unknown	unknown
slc22a2*1/*1	69	normal_metabolizer	2
slc22a2*1/*2	40	unknown	unknown
slc22a2*2/*2	7	unknown	unknown
slc22a2*2/*3	1	unknown	unknown
slco1b1*1/*1	44	normal_function	2
slco1b1*1/*1B	29	normal_function	2
slco1b1*1/*35	22	increased_function	2.5
slco1b1*1B/*1B	9	normal_function	2
slco1b1*1B/*35	10	increased_function	2.5
slco1b1*35/*35	3	increased_function	3
slco1b3*1/*1	5	normal_function	2
slco1b3*1/*S1	27	decreased_function	1.5
slco1b3*S1/*S1	85	poor_function	1
slco2b1*1/*1	9	normal_metabolizer	2
slco2b1*1/*S464F	36	unknown	unknown
slco2b1*S464F/*S464F	72	unknown	unknown
sult1a1*1/*1	14	normal_metabolizer	2
sult1a1*1/*1x2	20	ultrarapid_metabolizer	3
sult1a1*1/*1x3	8	ultrarapid_metabolizer	4
sult1a1*1/*2	19	normal_metabolizer	1.5
sult1a1*1/*2x2	2	normal_metabolizer	2
sult1a1*1x2/*1x2	8	ultrarapid_metabolizer	4
sult1a1*1x2/*1x3	1	ultrarapid_metabolizer	5
sult1a1*1x2/*1x6	1	ultrarapid_metabolizer	8
sult1a1*1x2/*1x8	1	ultrarapid_metabolizer	10
sult1a1*1x2/*2	22	rapid_metabolizer	2.5
sult1a1*1x2/*2x2	5	ultrarapid_metabolizer	3
sult1a1*2/*2	16	intermediate_metabolizer	1
tbxas1*1/*1	117	normal_metabolizer	2
tpmt*1/*1	117	normal_metabolizer	2
ugt1a1*1/*1	53	normal_metabolizer	2
ugt1a1*1/*6	1	normal_metabolizer	1.5
ugt1a1*1/*60	49	normal_metabolizer	1.5
ugt1a1*6/*60	2	intermediate_metabolizer	1
ugt1a1*60/*60	12	intermediate_metabolizer	1
ugt1a4*1/*1	55	normal_metabolizer	2
ugt1a4*1/*3A	50	normal_metabolizer	1.5
ugt1a4*3A/*3A	12	intermediate_metabolizer	1
ugt2b15*1/*1	8	normal_metabolizer	2
ugt2b15*1/*2	53	unknown	unknown
ugt2b15*1/*5	5	unknown	unknown
ugt2b15*2/*2	38	unknown	unknown
ugt2b15*2/*4	3	unknown	unknown
ugt2b15*2/*5	8	unknown	unknown
ugt2b15*S1/*2	2	unknown	unknown
ugt2b17*1/*1	4	normal_metabolizer	2
ugt2b17*1/*2	33	intermediate_metabolizer	1
ugt2b17*2/*2	80	poor_metabolizer	0
ugt2b7*1/*1	60	normal_metabolizer	2
ugt2b7*1/*2	47	unknown	unknown
ugt2b7*1/*3	1	unknown	unknown
ugt2b7*2/*2	9	unknown	unknown
vkorc1*1/*2	6	unknown	unknown
vkorc1*2/*2	2	unknown	unknown
vkorc1*2/*3	10	unknown	unknown
vkorc1*3/*3	99	unknown	unknown
